userId,itemList
AED3CYXRK2RUCAGWLUCOZTFOFSPQ,['B00WS63GZK']
AGGUGXMFDDRETUY3BXX4O6UOZDCQ,"['B004RFGALC', 'B004UPTEH6', 'B006EWUOL8']"
AHLQVTMMUEVHAPRYQD6KJH2EIDOA,"['B00S51XM5Q', 'B00UVN2C8O', 'B00S51XHUQ', 'B00OTJZTZE', 'B0123ZAQJE', 'B0134EU9YA', 'B0123ZAUAO', 'B00OTJZNI2']"
AG26DL64MW2KGNDTMV5HJZSVEFNQ,"['B0123ZAQJE', 'B0123ZAUAO', 'B0134EU9YA', 'B00S51XHUQ', 'B00OTJZNI2', 'B00OTJZTZE', 'B00S51XM5Q', 'B00UVN2C8O']"
AEVM3B3XGPNWUFS5RNJWMYGS2FAQ,['B00DQGBYDC']
AEKDJAMCFO7NRWEOHVSKXTEAUYMA,"['B00UYTTLI4', 'B00UYTTXSM', 'B006DAD8HS', 'B00UYTTMNI', 'B00UYTU6Z6', 'B00UYTTDO6']"
AGAY7CPRLVY24VHVYCX76YS4R3UQ,"['B0134EU9YA', 'B00KV9TQXM', 'B00S51XM5Q', 'B0123ZAQJE', 'B00OTJZNI2', 'B0123ZAUAO', 'B00S51XHUQ', 'B00OTJZTZE', 'B00UVN2C8O']"
AHSRRA4O3WJJ7S6RBMG7KP2CB5GQ,['B00CSW4BGW']
AG6SH4SYVPEHQNUMLUAB7FKB6YZQ,['B004WO8HQ4']
AETQ4AA4SA2DTAFW4FJ57XOI2TVQ,['B00J8V1INU']
AFKWJL2ZEZT5O2FZJFIHGFOCHD2Q,['B00LGGVOL6']
AH375MQT6DKLWUBK3TSQVBOLXQYA,['B002NU5O9C']
AHFX3UF6B3PRMFZ2GRYNESQGI2SA,"['B0076W9Q4Q', 'B0076W9Q5A']"
AEKXQAEN24TPE3EYEJUXG3S5OBXQ,"['B0000BZL0U', 'B004861K1A', 'B0000BZL8G']"
AFBHDSIR6CJHDLGM5PHCGT4I3HJQ,['B00MYTSN18']
AF7TVVMHXMAJPJNEAN5FHFZ6E2MQ,"['B00004ZCJJ', 'B00009KLAE', 'B00004ZCJI']"
AGFUFK3DOUO2UK4HBVGDRETIIHTA,['B00XUV3JTK']
AF5QN6EHFR4ZZ6FCKEMZ3T4TTT2A,['B00NH13K8S']
AHAEWDPADAU2NTPASYXY3BU4YZTA,['B00AQUO5RI']
AE5LV6G2IQ3XDRR4EU6JL2EM2Y7Q,['B00XU1GDZM']
AGIBBYZVYLR7IFYRMIFAWZE3T5WA,"['B0123ZAUAO', 'B00FO0DDPA', 'B008LTJJJ0', 'B00S51XHUQ', 'B0134EU9YA', 'B00OTJZNI2', 'B00OTJZTZE', 'B00453R808', 'B0123ZAQJE', 'B00S51XM5Q', 'B00UVN2C8O']"
AGJTZN4L5BPRNXGAF5J45GQ43BWQ,"['B0006BB9MG', 'B0098HVXVQ']"
AFEGB6Q3GUJRJ4NA3KN7VCRL5GJQ,['B011TW8UT0']
AGHFTWYLMVYY7DYN7L7R3YGWSBFQ,['B01CZ8BC4M']
AEL6GS7NN3S2FTXZ3VU7JOQYBYSA,['B00FPAVUHC']
AGSQ45M3B7IHBTBUROMCEFWV3BXA,['B00NH13K8S']
AEDBF73WRJXL3PBLDM3XDE7NGCYA,"['B00UVN2C8O', 'B00OTJZTZE', 'B00S51XM5Q', 'B0123ZAUAO', 'B0123ZAQJE', 'B0134EU9YA', 'B00S51XHUQ', 'B00OTJZNI2']"
AEGRYA2ELTJWRHRSO3AJNWY6FJCQ,"['B001GI5CSA', 'B015KT1NG0', 'B00ZE0636G']"
AHRR7O3L54YZ2PL6XQGQXNSBXNOA,['B00BP8UHF4']
AGXNJWIAYKHIQ3GTXNV4KLCGSGBQ,['B00NAMU8NO']
AF3QNPMCP2F3C4JSTFPTVVF64CPA,"['B0076W9Q5A', 'B0076W9Q4Q']"
AEFZXNSOTKUNXPHHUJZOLH2ASDKQ,['B00LL3O236']
AFHZ7OQLZIG7P3UFWAT353UJRFIA,"['B006U3O566', 'B007QUYQSY', 'B01AH0TRTW']"
AGKMMJVGTIAH2TSG72TUFPFEKMTA,['B001H1VB18']
AEKJENLK2DOHA5WMPAVOY6UBO2AA,['B004SP0WAQ']
AHGHZ257QONNBNNTKLOLQ7UPVEKQ,['B018YKTD1Y']
AEXVS54OZKGOCUJQEUYUTKC5QV4A,"['B007K3TK4W', 'B00F19Q2R0', 'B00NIYNU8E', 'B00CTGGARU', 'B0025UEQQW', 'B00F19PYR4', 'B00F19Q7YI', 'B00J9RO2LS', 'B00O12F210']"
AEJYFCOU2KJQM5SHU7OW26MV5ZVQ,"['B01BUSN07K', 'B018Y0RU00', 'B00LGN8OW6', 'B00MUTWLW4']"
AE3S3WQSPQ45KQSJ4LDJ75T7TCQQ,['B00006HOKW']
AFQO2KKMU3ZCK7BJPQMT67FB2OPQ,"['B01GGKYXVE', 'B00NH12O5I']"
AEAQXI6NF2BSAUJNLEC4Q6KHREOQ,"['B00OVVTA28', 'B01BYKF38S', 'B00RUZ059O', 'B0076POASA', 'B00F5OG0LY']"
AGY37WJKDMZO2GETVPLOB4ULBBUQ,['B0076SFE9Q']
AEINYTIMOQUE7MT3BEJ5Y24UXFAQ,"['B000CSIUWA', 'B00B2HOKKQ', 'B00DI89IQS', 'B00EVVNPZQ', 'B01FMHXAOI']"
AFMSZW6OPMLTLKHC6G6VPKJCLGDQ,"['B01CZ8BC4M', 'B0000BZL0U', 'B0000BZL8G', 'B004861K1A', 'B00NR2Y2UC']"
AGNTWK27NQIJLRTRT7ZSI2XPJLLQ,['B01GCGKBWC']
AGEBWSVPTOOKPYQIP6SCRW2GJMGA,['B00KF7MVI2']
AFZNISMI72WTRHRUNGZAHA247STA,"['B00UFBZOKK', 'B00OTJZNI2', 'B00UVN2C8O', 'B00S51XHUQ', 'B0123ZAQJE', 'B00OTJZTZE', 'B0134EU9YA', 'B00S51XM5Q', 'B0123ZAUAO']"
AERH2FUU7DYNFSNQSRNLML3MIG2A,['B01D5H8JW0']
AETCMYOTYH2VR6HOQ6ECN76VVDZQ,['B001FWYGJS']
AEF7WWRD3K6WULAYJS62RDMQFTCA,['B00009KH63']
AHELRWCL7DEGDHBV2GEQ72JEYMTA,['B00NH13K8S']
AEDL6RJ5H3ETJ4KT2BQA5WDM5BSQ,"['B00I0QZMPE', 'B00005141S']"
AG4RNFD4G4XSD3VYGOA6A3LILMXQ,['B001Q21Y0G']
AEGFDVPDNHORI7WBILGWDRAOYREA,"['B001CCGYU0', 'B008YH1AV4']"
AE5RW4OY6NFYZHJTFGI6KUHOJIQQ,['B000BTL0OA']
AHZEDYA24L5RWYY6AUOORTWYXU3A,['B007JNWCDE']
AEVRA5VMA5HSEGWNCW5JPTXURU2A,"['B00KL7C10O', 'B00ENMK1DW', 'B00WTQDV5E']"
AGV4TIE72NESJCUDHOTUIDAZBJ4A,['B01FW5DP0E']
AEKNSJTV4LQP5G55A57DLRORZFAA,['B000UXZQ42']
AEDFGSSEN3C6AJMJOVJ5NF6YSLIQ,['B01GGKYXVE']
AFK7H7FSXC53JBSPMU5NJLOE36BQ,['B00OHVZTTK']
AHEKD5Q25H57GAMB5HQTRBJBLVXA,"['B00S51XM5Q', 'B00UVN2C8O', 'B0123ZAQJE', 'B00OTJZTZE', 'B00OTJZNI2', 'B0134EU9YA', 'B0123ZAUAO', 'B00S51XHUQ']"
AHWR6BIAF2BLBUJVR5LJYSXJ76YQ,['B01GGKYXVE']
AHUONRQ7OO35NSW5RGZVEXIRDZ5A,"['B00PIMKN1Q', 'B00WRDRRWW']"
AECIXA63QV47XSXVBQJO2XQZAUKA,['B004FHO5Y6']
AG6YMSC2VVM2WGVKK4F5IH3H2BTQ,"['B00WTQDV5E', 'B00ENMK1DW']"
AEAWVPV67ODN2AOOQJOGVMO3XG3A,"['B00K8942SO', 'B00009R6WO', 'B014EOML6S']"
AH7DVCC5IQWKIEVYELZ7C7RVBRKQ,"['B00WTQDV5E', 'B00ENMK1DW', 'B00WHUTQZ6']"
AHHAWJDHJWTNLQB6NMZX3K57IDPA,['B0009PTBZ6']
AGCJ2NTZQ32HYIGTA537G6AZIFYQ,['B009ZIILLI']
AHN4L3OO55A3GUAFTRWYCCXNM7QQ,['B00P0ES0YE']
AEI6G2P7UEMTJYHQUFPKPG7GDTNA,['B00BD8I3EI']
AGYFDJ3GHBFD53IZ5RDDNHGJDV5A,['B00NH13K8S']
AHL7IBYPYKNTRMNCQP2G24ZOVQXA,['B007OXMHDE']
AEPTVI45H7GUY2RHG32YXXU4WLXQ,"['B0123ZAQJE', 'B00OTJZTZE', 'B0123ZAUAO', 'B00UVN2C8O', 'B00S51XHUQ', 'B00S51XM5Q', 'B00OTJZNI2', 'B0134EU9YA']"
AELAE6XOECFWXYIUI3WOX5OIY77Q,['B019FRCQAK']
AE3JW6R2VOF2KSIEAHLYPCTX7QRQ,['B00FPAVUHC']
AGHDFOJQHV7WCUIBOUB7IC3DZPZA,['B0169AKOSW']
AEX5JABWFEVECV2BMUMS7CBVNTEQ,['B00BCWALHM']
AHY25D7XZXKQUJLEXLI23ZGEYRMQ,['B019FRDAY6']
AGEQBGHPALUXWYM467IKEAFA2H3Q,"['B007K3TK4W', 'B00F19Q7YI', 'B0025UEQQW', 'B00J9RO2LS', 'B00O12F210', 'B00F19PYR4', 'B00CTGGARU', 'B00F19Q2R0']"
AGQNPLHNO6RDUVHOSX43AOVUMQTA,['B008F4USMS']
AH6CYWDANNMLVD2GT2PD4XHBEFXQ,['B01DBV1OKY']
AGC5X3ES5N5YUPGELCNNPDPM3J6A,['B00009R86L']
AHGIRW5YY5FT6B4CUGMVPQKOXHIA,['B008F4USMS']
AGRYBQGCGY4WSE53ZRZLIP76UGHA,['B01GCGKBWC']
AFWJ27NJ5NTFAUVSQR3K3RV2X46Q,['B00HL862QK']
AHKGEW6OF334SFZJYPKKPSDVGFKQ,['B00OZHGVSY']
AGYOQMW6B3572DVYI57BLOFMX44A,['B005WXOV82']
AHZ3VVDPMKT3SVS3QL3UDQYRDYRQ,['B00MPIDYTO']
AEUJMV7MPMURORVUAAYK2RW7Q2MQ,['B0076W9Q5A']
AHEXVIKWVGVCBMHHZFEVKSVRKYXQ,['B006JRIDHK']
AFBM674JY2B2T576PIJAHX6DS4VA,['B00KQCOV5C']
AGFLVH4URPWOUGDNCB5YXHYBLYTA,['B00EB6O4N8']
AEMISHDLFLPDLXLXYKMNNIOK6JHA,['B00C9FLSLY']
AETTESS77AMGXFO3BTAORDXXBBXQ,['B00NH12O5I']
AHL3QWDYSLV3QJCWNJH4ZHFEBVGA,['B00LN3LQKQ']
AGH4275B2V6QKX4GOBGCDDK6J3OQ,['B00FE690DI']
AGK4UNVICA35ZFHUQPJ7RKA2XU6Q,['B005QXX0MG']
AG3SWFDRJ3AVS65GJ4RUEE3ESN3A,['B001CCGYU0']
AFKUZMYUOLGQ2TY3IHSRGGL26RXQ,['B004FHO5Y6']
AF4ATTYOSOBM2JA5SZ3ZWH3CFKBA,['B00T9N2SOA']
AFPIS74WN6UTKWSREQIENYF67JAQ,"['B001MSS6CS', 'B00WTQDV5E', 'B00ENMK1DW']"
AGSNDU4VDHDOFGIAWPSFH76UMBLA,['B00VWEK4IG']
AEPOUXHT22AWZTCWW3MHZTWSEXHA,['B00FE690DI']
AEED2EW7XZOQM3O3AVLBWOX6BUHA,['B004JZI78O']
AFR3SEK6XUHN2E75JYU327RXBQKQ,"['B004861K1A', 'B0000BZL0U', 'B0000BZL8G']"
AG2O2UGR5ZWYZEL2O2ZZJ4B45KMQ,['B00B2HOKKQ']
AGSMB3BF2QC55UI336V6656GZ7XA,['B00LL3O236']
AE2RGTOVTDF2Q2W4FRCWIWDYO7BA,['B016XXY0YE']
AF2YV6NIOEIOZ3WS2PWKP374ZOFA,"['B0000BZL0U', 'B0096W1ONK', 'B004861K1A', 'B0000BZL8G']"
AGPCXTIOOGR2J5C3JV2NCOU273OA,['B00NNMB3KS']
AGM5GSJ4XSYDDTR4QDDQHQSQT3GA,['B004WO8HQ4']
AHJJ3GCKR42ZYPUYA6WGS3C2MT3A,['B005LDLP8W']
AGUHZ6V6IGA66NN7ILL6XXWFBJ7Q,['B00CMVE2AO']
AGPXWCK5F67RW7VHAVW7DOYOJULQ,['B00EB6O4N8']
AG644F2D2CY4NEHW6ANIA6HMH5HA,"['B000BTYEHA', 'B00004ZC9V']"
AELC5AH4VNE6KOROQTD2HEMH3QLQ,['B00KQCOV5C']
AEB2TDEJM7PWJXH5K6K3J7D2AU7A,['B006QKXURS']
AH4ODX4TBSCH46SP73NOKTKBMESQ,['B000OPWSYM']
AHBWWG4APZMAVQSREETXHJJCR4FA,['B00UFBZOKK']
AEKMN33G44DRZ32Y36JZXDOY2FFA,['B017GTNN3S']
AGCQGF2FDSMOYD6DDHBZ225TCYAQ,['B00LM0U8I6']
AGFRYGDTKWESZ2GPMUDG5VIRMI4Q,['B00I8OH1VQ']
AFCUHRX3JWQQL5OA47WXQHWLZXAA,['B00VMH7PQM']
AEIGYLJL3RXY4OZRZX3RIRSG6WOQ,['B00BP8UHF4']
AFCDIUXWBG55MMTYESBWYDXNUEWA,['B00W4ZLZP8']
AEQDNOSZPM3WZNN4Y7676ICY5GGQ,"['B00KYK2AKO', 'B00DQGBYDC']"
AFQ4PLLOQTOKM3JIDGH4DUK2GW3Q,['B00B2HOPZ6']
AFQT3ZPJC7ZWJOD66YRX7ICCY6NQ,['B00NMTXYN6']
AH4RAUQT2IMYPTLECBPMFCGNIPNA,['B0043M6668']
AHQ5N2VNS3A2RPHC55RCCIENFMHA,['B00CSW4BGW']
AGIXAPWY3ENYRVAAE4LWNKIVZZJA,['B002NU5O9C']
AF67BBPCULXQ267LFSFFVXBFYMFA,['B00NNMB3KS']
AFTW73BGUK5IYAL7VP3GVUJOFEUQ,['B019FPK7LM']
AHAO34KL5YRJE7JJEEWY3K25422A,['B01FJSJ2QK']
AEAOPXLXMOUTJGIECX34VCS26XCQ,['B01DBV1OKY']
AGSQ6DOONSDEQJRQYU3NCSSBEYJQ,['B000UXZQ42']
AHNT6QQC35U6G5IU6R4G65KVGFNQ,"['B00D2LGRPG', 'B0054KPK9C']"
AG4U54ZOPPVFWW37FN553XUGTPUA,['B00UAILN4E']
AE26KC7B54ERIRZFHGV7347SZVPA,['B00008Y0SI']
AFB3AIYOXI2EETNV7KPFPDNE3LOQ,"['B00LM4ON2E', 'B00LM4ON3I', 'B00LM4OMW0', 'B00LM4OMUW']"
AEX3DJVRQRQFZO2NTDEQ73JO572A,['B0032HM6JG']
AE2LIP4ABCAGSRGG7OE444ULFEVQ,['B00WGQNJK4']
AFCASWOFSYA27A4NQQKISXABZGOA,['B003LSTD38']
AELWR2DRYWKGENVTFJ4BYHF5SFHQ,['B019D0LS4E']
AHRPVAQSFVZ6VZGZAOFSOZTJGBPA,['B00UFBZOKK']
AEBIMAYOOHGJ4J5ODQQHR7ZT75QA,"['B00O12F210', 'B00CTGGARU', 'B00J9RO2LS', 'B00F19PYR4', 'B007K3TK4W', 'B00F19Q7YI', 'B0025UEQQW', 'B00F19Q2R0']"
AEUKGPWVOPMDN2DAJERVBAC355EA,['B00UFBZOKK']
AGWHLHC6DDF5OC5URZ6UUIJUT5FQ,['B00ONSBF4K']
AFLTGY4BOJYBVU5HBWT2K6KFP43A,"['B00S51XHUQ', 'B0123ZAUAO', 'B0123ZAQJE', 'B00UVN2C8O', 'B00S51XM5Q', 'B00OTJZNI2', 'B0134EU9YA', 'B00OTJZTZE']"
AHMQHFEDWULWQOG4USNIGRWOD2KA,['B01GGKYXVE']
AF73EHXHWNPJQ7B4G5BE25SUIB2Q,['B002CLKFTQ']
AGICEODPOOK42ZTJ6JYEZNQOSL6Q,['B00JD4TAWI']
AG3XSZLN7CD6ZJOWJDUUO2FNFGSA,['B01AZC4IKK']
AHYUAE4L3IOZM336X5KMPZGPDTWA,"['B006THNH7Q', 'B00KFCRATC', 'B00I604J3U']"
AHTJNBRHNJ2SN2OQ54KKYJX6A4XA,['B006JH8T3S']
AGSZWRCOTRRQ4Q3YEF7PS6JADEWQ,['B00B2HOS08']
AGBOJTNJCSFV2GRJKIKFNEUSUL5A,['B00NEMG62M']
AEIITWWR23HFRBI4ML4EFWXAGXCA,['B00KQCOV5C']
AFN3WT2B2R76H4G75XZJ7JMLGZ2A,['B00006JILE']
AGFTZSK36BLIBU3C724VLJFILEDQ,['B00EXV66TQ']
AH3JLMPVCGGCOJSREXYKVIUVMFVA,"['B0076W9Q4Q', 'B0076W9Q5A']"
AGMWTGCJUNOZFK53RYNATSYDFSVA,['B00C3XW5L4']
AEAQPDTMN3FULGM4WWANA4PRP6MA,['B00OJ5Z2NM']
AETEK6HRKZ7PGG7UPTM6RGOWAM4A,"['B00004ZC9V', 'B000BTYEHA']"
AEWAZ33BQDEQVKIKWMJUK3T7OZTA,['B00JLV4BWC']
AGPYXGQUY6UWZBF7HXEU3W5SHW6A,['B014RONV5K']
AHWO6LUJVA74RJJQ4YWLVHKB5ZGA,['B00MFDX4YO']
AFPYAHSTYO4KGPIJ75DUW3NZVS7Q,['B00D84GA40']
AGNYQZV5GO2LGPE363UTUHTYHRVA,"['B00009XVL0', 'B0000BZIE0', 'B00009XVKY']"
AH5KVE242PFPEZBVRHHYOCSV7UWA,['B00ECDM78E']
AGXJLXJNPBANCD564ESIDER36YWA,['B00008Y0SI']
AH42MVHIMHTC7EOWKWHNCIWEIP3A,"['B0076W9Q4Q', 'B0076W9Q5A']"
AGD3C5E6UZIERQYCDVHIHFF6LGQA,['B00MUTWLW4']
AGKVTGKRGOE4HDBRYJTUXQLPHCNQ,['B00J8SN3D6']
AHMV2JX7D3AE6FGYJMX6ZEMTHMAQ,"['B0000BZL0U', 'B004861K1A', 'B0000BZL8G']"
AFK3NSLQT7373Z37RNZEU2DZVP5A,"['B006EWUO22', 'B004CRSM4S']"
AH77TPHDOT2VPXLBPCFRHMKDX7EQ,['B00TE8XKIS']
AE6WMPBBQZ4MZ2XERQ5SE7PG6HXA,['B00AWRUICG']
AG3WY7NUGDCNP44DVEBCQS53QOWQ,"['B00S51XHUQ', 'B0123ZAUAO', 'B0134EU9YA', 'B00OTJZTZE', 'B00UVN2C8O', 'B00OTJZNI2', 'B0123ZAQJE', 'B00S51XM5Q']"
AGKTWVGC7ZMDLI5MDLAO3P7JI7AQ,['B00CBD65WG']
AFDQEZP6PJN6DGZ5STFLEGZTMCYA,"['B00LM4ON3I', 'B00LM4OMUW', 'B00LM4ON2E', 'B00LM4OMW0']"
AFTUOIVU2N5QIKK3WDTVLIWXSPYQ,['B00HL862QK']
AECJRLPY75AIM5U2UUJOGPQAXEWA,['B019FRDAY6']
AF2PPD6XSBPOWBZTYIS5USULW6PQ,['B00QCEWTAW']
AEA4W7EJS6DS2IWYEA4P6G4W5DXA,['B00JHKSKZQ']
AFNQFKPQFMVHZUMVIZYFYIKY56EA,['B00KV9TQXM']
AENX2NJENTEVA4CA2AHF7MS7IKPA,['B00UFBZOKK']
AG6HYPCY7ZATQOISZOWJ6GPZYESA,['B001QUA6R0']
AEPLWKQGHNVFIMAJHHK436YGEFUA,['B00B2HOKCY']
AEKL76CIUAOION4XXXV2S4TMXOJQ,['B00T0DW3F8']
AHNPXZTN2BDA3ZJRVLUGHPO2Y6BQ,"['B00J8E8XT4', 'B0090UG55A']"
AGRCEWJLZ6VRC2IJ7UD5N6KP4QWA,['B0013HFYKK']
AF2USVT46HCSL2GXHJMYS4R2A47Q,['B004FHO5Y6']
AHVTZ2XEWMWSJPLV5DY7EQVGX2VA,['B00WGQNJK4']
AFDM7MC7SKASURU6UDQERM2SDSVA,['B019FRDAY6']
AFDEPVBRDLNEBJZE5RFIO4EONMTA,['B00WHUTQZ6']
AEY4DZCMZTO53IJCGRFL56LIKNNA,"['B00LGN8OW6', 'B019FRDAY6']"
AHW4LIRATDMYDK3W3SU2WX2TM3BA,"['B0076W9Q5A', 'B0076W9Q4Q']"
AE2CMEB4HAG7LABPTX2EBHSFEZZQ,"['B001G4NBSC', 'B003Y5T464']"
AGNZSCOLUFIFGRJP6JXVHCGI4ODA,['B00001P4ZH']
AEUMJVB5I62K4FSCGBCVJZ44KCVQ,['B00ECWKD6I']
AED2SFIQLH4EFPRPCYEXJUVC7GYA,['B01EN4PMZG']
AFGHLHHCE3AOB7UAHAELUC3IY74A,['B00LLUEJFU']
AHS3LK4BKIICHRL35Z6H5PONA4KA,['B00FPAVUHC']
AEFDMZ4XSR5B4JUUY7HIHB2BV7HQ,['B00IV19IJ4']
AG6ITVZTK6KYOF7HYSBMQZDUUH4A,['B00FPAVUHC']
AG3TVE7ELF3UIFOAV2UMTSOH6UDQ,['B004AZ38Z0']
AHRRBITKTW2BRKDEFUEGF5ZVWWHQ,['B0032HM6JG']
AHTV6GU77QTUMBB6OS6JPBKAAY3A,['B00A8LN70Q']
AFUOGTITYGPMMXYQUNT3P6MQ35IQ,['B00LLUEJFU']
AF46WDVVCVIATK27WJIWIOA33KWQ,['B00O79IC5A']
AGS6DHMBA5YWH667XCOHH56KAECQ,['B00Q59EQ3C']
AF4SYBBWJMDPBM5U6U2W5MIU7TTA,['B00AFSN9QE']
AHZRAN3Z3MT4GPB47QUG75WMBUVA,['B0043T7FXE']
AGIUGA5VNRV3QYSG2A7PZERK67QA,['B000UXZQ42']
AFBPDN65AZUBATMK54SSIUJMBLCQ,['B000068O5G']
AFUBH3EA7EM7G5RGXJ6TQBVLJYLA,"['B005FNI9OQ', 'B003ZSHKJ8']"
AEWVPBDL6ID7Z4ANDOJPVQWCAM2Q,['B00W4ZLZP8']
AH4TOUOKFJTCBUYF7FUGRXDYQ6XQ,['B00WJOYG6Y']
AESED4P36KWPBGECVBJ4OEKMELUQ,['B0197UUN1Y']
AEBDZ4Y54REKWSJQYH3CLHEE4A6A,['B00NH13K8S']
AEJNRVZTPQTPR3OFANWT7UVDSCLQ,['B0000C73CQ']
AEYDX22FF7W2KHFSZL3ZXGMSTABQ,['B004FHO5Y6']
AGEYVQGKTPRRWLAXLHQKSVSNT2CQ,['B001CX85I8']
AHTHFB2GREUE4Y6W7JXMH4D4FV5A,"['B00WTQDV5E', 'B00ENMK1DW']"
AFAM2JIMK7PJETGKRJLCR2ZTZJ7Q,['B004I5BUSO']
AFPK5K4GIRKJLMS2AHI223IWLEHA,['B00UFCVK8O']
AGMMS3C7DEOG4EV2GFTIBIUGO2GA,['B00L3QENSA']
AGW5265BUUOJQC3SUSCMIHGM74OQ,['B005EJH6RW']
AHC2YRMWRQN2NCAS3JGZKSR2BDJA,['B00KF7P34G']
AHUMIJKSE5O46RAXEGCCSM4OATUQ,['B00QXT5T3U']
AGDZIAXGGPLOSIAVSTNBEG7W4ALA,['B000JLK5PU']
AGLXFXEZSYYQLAVNRE36TWJRMFQA,['B01GGKZ1VA']
AGA2DHE754TIUBINDM36ASDOTMFQ,['B00IAELTAI']
AHVIL2PMLNQXH7XVH3KPNI452LTA,['B00NH13K8S']
AFI57VDKGPNGJ4TPRDSPHMNRRTEQ,"['B00Y44AAQW', 'B00DQGBYDC']"
AGKHYV3EQ6ZUN6GDBNY7FHZ6NHEA,['B00LAX52IQ']
AGFIRKU4TS3IJQSNBVKFA5BFN4UQ,['B00AQUO5RI']
AESBBVGTCWAKRZAOJASJ5V457AAQ,['B00P0GI68M']
AEKFHJAKUTUZ5WGOAUGKFPLI4K2Q,['B018UB3HU0']
AHVD4AH4A4ZFHG3VDZGTU44NGITQ,['B00JD4TAWI']
AHLWHPWNHYJJJCQCWMPVNBAQCMFQ,['B00CZ5GB24']
AFFFD35TFGSBLR4QMPZXUPCJQM4Q,['B00007IFED']
AFBOM2XKGWT6SW6YPBXV37VMKC3A,['B00L3QENSA']
AH4M4I5LM6XSSOHSIQJCWWV24G7Q,['B00BIFNTMC']
AHCFX2VIW2NZSNVPWHNLSTA7EE6Q,['B00FB45SI4']
AFFTEFRPKJKOQLEXKABNIPPHZ5HQ,['B00OJ3UJ2S']
AFPKCEP43OY4INMSJ72PCFBES5NQ,['B00UFBZOKK']
AFM3PGVOZ3ZNW3C2IYWRUFXUEIUA,['B00IJ2J2K0']
AFQD3KS74NQAUQJMQJ4CLSUXETUQ,['B006QKXURS']
AFMOLYFNYP5GIBNLQVRPTYOCCU7Q,['B00MUTWLW4']
AFFECWOZNOQNOYW3AJPHGPSR3OEQ,['B00MUTWLW4']
AHZ3YPW5VVWILUO2L6DBC5LBGPDQ,['B00NH11KIK']
AFUFYJAOI6ZPS5MMBXFKULCICH3A,['B01EFPX9XA']
AECQR73N57UL5VIRXI7I4QXR454A,['B00K3K8TKA']
AFOZBOD4KVJS2KKL24JD2MHC2Z3A,"['B00I0QZMPE', 'B00005141S']"
AFHOX447CCJFWGIC7XJ5PXROKZRQ,['B00KQCOV5C']
AH6H2MREOGXWGK2EGZHONT4BPN3Q,['B00OHVZTTK']
AGG7YFNX7V3JV4OEMP4LJMH3TFXA,['B00GBO3YK2']
AGJBL2OD7KORI7GWGABJ342IEDFQ,['B00Q59EQ3C']
AEFLDHHCAGQJQZ7WJDWXPNLCTE6Q,['B00B2HORKE']
AFDH7ANCXLEZRZ42VUALKSLUG2XA,['B00D2LGRPG']
AFT4K4HH7CE222N2EHSVNGH4YQAA,['B00008Y0VN']
AHBT5MK7EMX4QSNK67KED7DBRJIA,['B008LTBM6S']
AE47PW2ZCUC7MLE6XHXFZ4I57BXA,['B006QKXURS']
AFZBMMMJU5PPHDQSWGISSXQ3Y7SQ,"['B00ENMK1DW', 'B00WTQDV5E']"
AHAHULSECSXGFCOWSIHCBGCJW7UA,['B00MYTSN18']
AF2UJDYVVOEQQ5JWB6HIXHM7DP6Q,"['B0076W9Q5A', 'B0076W9Q4Q']"
AHZBNFKAIUAETMDXC23U5ODLLC7A,['B00HYSG0CS']
AGXAKHIUXE4ZUVDANLULZMBK6XYA,['B001TAAVP4']
AEOYBBLFI232RCMBAYJS4M5TMTUA,['B001FWYGJS']
AEN2J4ZCIS3MHITIZVF43R5LTV3A,['B00B2HORKE']
AEOTATC24BYYZBNMGU4E24NI6ADQ,['B0091F8F7A']
AEDYKZVQ3VEGDV335IQ3MLHHXUQQ,['B00CPKB9MQ']
AHY2CCUAQM4KRCCIDKXZRHMWIKTQ,"['B0026ZPFCK', 'B00TPQPURI', 'B0026ZPFDE']"
AGAVYZOT7JMBYCEZ7SPIXZ73MQXA,['B00HL862QK']
AFNYQHUJ55JVHASVQU6JZGIINLLQ,['B019FRDAY6']
AF7THICNFYJSZBMH6F3PJETAA72Q,['B00EB4ADQW']
AH4UCJH54U4AHAZA6AIAPRUBNXCQ,['B00WGQNJK4']
AF2VF5X27HUGWHW3TILNRBTSEPOA,['B008LTBM6S']
AHQ2CMJEU7X6LODNZL2CTIM2BUTA,['B00G3PAPWO']
AFXHT32ORPDTFPGRV62CE7QKGCGQ,['B01D82XXGO']
AGRHMMINDNEGYYDMY4TXFTEIAQ2Q,['B019FRCQAK']
AGTUQTI4D6OACTXVJNXBOOKNGRWQ,['B00CDS9EKE']
AGJ7LQCEQU4HCGTIEXDYQGNXODQA,['B00K4DKDUK']
AG562UEV543UWKBI5BM5CNCRDEWA,['B00B2HOKCY']
AHFFJY6B57G35NSV34JOXMSPTQNA,['B00L3QENSA']
AHWBFJ2CEC4SDDVSJAE5NQKIK6TA,['B01D82XXGO']
AHJKEFJWAKVOJEUJZUD6TPXQYXTA,['B00L7UZMAK']
AGQ4SKM6EZOUGNMJC3JA35JMLDWQ,['B01GGKYXVE']
AG735G3KE2E7PVHB2LNOZNKTNHFQ,['B003WM2N94']
AEOWSUD43EBQYZNIJFAPSNF7NQ5A,['B00R4O9LXM']
AGPMNHDOQ7GXBMODLLHRNTEAO7ZA,['B00OQ0CYFE']
AGTCE6U62ZDHB4JRAN3WMFEJQBBQ,['B019FRDAY6']
AF3NBSV6GXDZB3BCNGAF4RBOHFXA,"['B019H3B6SA', 'B00063E2HS', 'B00062UW5A']"
AFMLE2MVRPY5JZFR2NAN4GEFBOSA,['B001XURP8Q']
AHSJVUTRQ73NW2D7DBWFLR5EXELQ,['B00KQCOV5C']
AH5LE65X2XCMKPRMCQYZ33EYYD6Q,['B00TB8XMVG']
AFDOAOPTWIGUSRNVJSZ6B46HTSFA,['B0043T7FXE']
AFSATZGF2IPC254PA3QLK7A4XK7A,"['B0076W9Q4Q', 'B0076W9Q5A']"
AEWH2VHIMQU4WINHG2WWEYYCHBNQ,['B002NEGTSI']
AGA25KDXP3QCRGZ75CB2LYXL4HEQ,['B00BP8UHF4']
AG2BYOGE6O6ZT5ZHGQJEP3ZSASLA,['B00KUVR4IU']
AEUC54WRWBZ4VDXPPUJOR64YUSLQ,"['B00P0FO0ZG', 'B00P0FO1P0', 'B00P0FO0Y2']"
AFNXEGYESZAX2XMAH5KN6JX36PXQ,['B00029MTMQ']
AHJAI5UFGWH2ZNFOVQUPYOQ4KKVA,['B001JD8J8W']
AGRU5SYFCQYMAQYUOTOZUZ5PFD5Q,['B00QV2KJJS']
AFOQNCF7E4XXKVL2VQG62GB63Z3Q,['B00066HP2E']
AFVHAKJJ5KK5YHFPX4IVTB3OPLFQ,['B00OQ0CYFE']
AECQ7ZSHHJU7JFLIEYX7DNCJG4OA,['B0014D2WGW']
AFGQX2ZYCE4TUSSM4SEXU5BW5P4A,['B00DQGBYDC']
AGYRADGHJR7CCXBRNXSUQNYMIZ3Q,"['B00B2HOKCY', 'B00B2HORS6']"
AFQZP64BU7LOMCZI3CIWXKHDCDLA,['B00ANF6XTE']
AGKALRFVCLRV4RTWEV34KCVGWCDQ,['B0043M6668']
AGA5EUUBFQ6M6FUNPSGRQW55BB4Q,"['B00GZIA5EW', 'B00HRLUSRA']"
AEZIVV5V5KVCPBF7EXPTSVVLQLKA,['B01GCGKBWC']
AELYWMFFBQI5GD4EB2HE44YMRFLQ,['B00S74HGMG']
AH24RUCQKNBDTKTD2FLKIWKLRXVQ,['B01ALGJS32']
AEHYFOMOULE7IIX76A7WQ3JK5LYA,['B00O8R79T6']
AFYHWRF3OCQQLLQEPRU5TDYPBQPA,['B00KNPITI2']
AHF646FTJFY2A2WSZQBD5BSBFHDA,['B00S9JLMBA']
AFYEEWSAEON3OXA2UMULPZFYAEYA,['B00CSW4BGW']
AGKR52ZCK2IVIP5MRFHUZSZIWKDQ,"['B00WGQNJK4', 'B004FHO5Y6']"
AHPM72OYFPJK2DRPIV63IG3PHURQ,['B00LM0U8I6']
AFYPXY7WH3X3WRAOYPRK2TRGZ2IA,['B01ALGJS32']
AEVSWVXATEJTV2JREGZAPCKX6NXA,['B006OZEIKS']
AH3FM3W4TCYVODSYLF4VUYB5A4SQ,['B00KSLX5QM']
AEPVU5PW6EZPO6FBQYZWBDQ72QQA,['B00MUTWLW4']
AHWQ4E2GPH6U6QGRVNTG2VQ43OLA,['B01GCGKBWC']
AF4OVOMJGQ5REQJ5U4WDBLE7J5GQ,['B00QV4IKWO']
AFGPZ3PPYDPNH5YJTC6CCISHKT3Q,['B00W2EN8CE']
AGG4XCJPYTXAXRXPEPITFG66P4DQ,"['B007TG8QRW', 'B00ECWKD6I']"
AFKVZYEJE26WI7L6I7TFAH3LSCRA,['B00HL862QK']
AHCK6G5EELMVEAI5QR75IWHX3Q4A,['B00WHUTQZ6']
AGM7ZADRAM5KHUZACOCHL4SKT7MQ,['B00HL862QK']
AHLO2YCG3SNJOULHCERZ7XOKG3AQ,['B006QV7WM6']
AFWFZMATD5OSAEJZB26WCF2GN4OA,['B00P0GI68M']
AGWP6ITXLIF3OZMTVMDPCKWF75IQ,['B00ETT3WB2']
AE3PGEL6XW7BLBA2RBDXH2N52LVQ,['B00LT4Q5CS']
AEHM3CV2YTLHZMFUBIRYUGJXZCRA,['B01ARAH6O0']
AHA2X3TZCQGUHRFZIJKC2QPLHRWA,['B00LMFYRIS']
AEQSVGNVMESUL4IVUBGWZVTQEELA,['B00J1YJH46']
AELZOWPLTIB4ROE6TEA2JVWK5HWQ,['B00NCSQ5GK']
AGV7RWDBCTILBI6ZVLGK5ZXL3CBA,"['B006EWUO22', 'B004CRSM4S']"
AH3VLW5TTJU7NQZJVUU2PKXT75JQ,"['B004861K1A', 'B001H1VB18', 'B0000BZL8G', 'B005TOU80E', 'B0000BZL0U']"
AEBMKID7ZCNT2UAG6FATGBNJJM7Q,['B00NH13G5A']
AFT3VVWOB6Z7SQUBDSQDKJRY72IA,['B00IGSATZY']
AHOFXWXRC3XGCUUAXEI7S6G65ZZA,['B00W4ZLZP8']
AFPPDXFOS7E7EABZ5Z2EVYQJLTPQ,"['B005AHKY0O', 'B00HWMOZEG']"
AFCWMPHQG4JC26RPDQVW3PTCVFEQ,['B002NU5O9C']
AHNB6LMW27FWUJIIA6AZDRU5TXCA,['B00O9RRPXA']
AE4F76MT6TJQSFWX32DMJOA7WXIQ,"['B00WTQDV5E', 'B00ENMK1DW']"
AGSCAY7ULL43LGYXCMQ4PJGAFIOA,['B00KXRZUIC']
AG3A62SC6GNMVQ2YXWHPTVTE73EA,['B00K73NWK0']
AFVBZIY2AMYOQA44Z4KT47DPX26Q,['B019GY47FY']
AHIVTTCIGBJIL56SYSG2EU3VJBLQ,['B00UFCVK8O']
AFHHZA24H4PGNMTYZHMSXT7KHHPQ,['B019FRCQAK']
AGSDGG4M6U5SGJV3PYVXRSVXDJPQ,['B006QKXURS']
AEKIQML4BYGVRV7BO24KJ7QZZDXA,['B007SHJIO2']
AGK3R5CDTZXQA7ZDGPJKWY5KATMQ,['B00FE690DI']
AG47JQZHKIMOVB6C6TJC4IXR6UQQ,['B00MYTSN18']
AHMLTP4IM3H4PK6QXKKNQUYE7AJQ,"['B00WTQDV5E', 'B00ENMK1DW']"
AFECMJ342PFKXYVPJ4W2NUHFOQZQ,"['B00005ATMI', 'B00005ATMK']"
AHLLG2T6XWZUEIEDLBSVMQX4UEOA,['B00MUTWLW4']
AHU76NTPHOMRITQKATK7TT6ZBORQ,['B01D82XXGO']
AG5AVYVVCJVVAJF2KLJIKILBV6BA,['B00SKO4AUY']
AH4DEQT4KRANCVC6BWBMZX2KFYHA,['B013GHSKR8']
AH24YWJ2KNGMFCGIDFXCHNN66DAA,['B00OQ0CYFE']
AHPEI6MDQSPX7RVYP2AK4DIL25NQ,['B000EW9Y4M']
AEZTT2J7WEUZCC2VAUXOFXFF2JKA,"['B00ENMK1DW', 'B00WTQDV5E']"
AGQN5EZC4AI45GTBSBD7THLI6U2Q,['B00LM0ZGIS']
AHHNHQY3VNGP3DO6DJ3GDJWZBTJQ,['B0043WJRRS']
AGSSSHCRZ6Z4DI3WZDCUAXHIRWGQ,['B00WHUTQZ6']
AHYMGKWIID66LUWDCYD7ZOBFW4VA,"['B00FZHWFEW', 'B019954Y2Q']"
AFCWCN7QAHF4FU2B26PKWBH5AQZQ,['B00PUOK150']
AH5IHPJIRT3CDYHHYDF6UAK5CBNA,['B01AJOXXBE']
AFO7EXAIGCKV5CC5SV5GDEQG5MRQ,['B00N5VH8KQ']
AGGP62W2XV5QE5OOYKA5BD7XK6TA,['B006JH8T3S']
AGBBDBXFTXXWYEJTJ6V2YKNSCTZQ,['B00LM0ZGIS']
AE5SWJ4EFTL7SLOVLOLLBQ3LM67A,"['B000BTYEHA', 'B00004ZC9V']"
AF6QUCQLWQLQSWDWE36BCZT2FZXA,['B004FHO5Y6']
AGGRRFMOZ73MOAAI2DU6R3VOPFZQ,['B00D2LGRPG']
AHVATZJ4EVWPZYXIPITAM4BIJ3XA,['B004FHO5Y6']
AFY3LI2AB5YFYTSMZPAXJINZPGYA,['B00AWRUICG']
AFQPYOOPDR5NVZ2L5MYWMKAR2SJA,['B00IKDFL4O']
AHULMDRGBANLFP3CCRTG5MV37AQA,"['B005LDLP8W', 'B00B2HP988']"
AHXN5T2WQ73HNNB7NTLLCWJ2XDMQ,"['B00C5H5DN0', 'B0151DFMY4']"
AETBMU54O6GVONDK7A4QNASFWQMQ,['B00NNQE8V0']
AED4EXEC3X6TFYO2MLLR6TFJZ3TQ,['B00Z7T6QEI']
AHG75HDCYF5TX22E4P37DUWEGHRQ,['B006QKXURS']
AEWDJZKDD6AWAWN6IKDQPM5CPAZA,['B00C2AS5C6']
AGDRDFA6CINBQ74ICXS5QJQOLK2Q,['B00MUTWLW4']
AEOQEGPNUUP3O6JEPMV6JPK3J2WQ,['B00MYT481C']
AH6KLVVZXSJ4XVNGMZECAQL5FBLA,['B00881CT1Q']
AFWCHZZK42VYKYCB7KTRL6S4S3IA,['B00KYK2AKO']
AEZQH5YCHR2M7BI4FQAWLPCQKRFQ,['B019AJOLEM']
AGROHLMO4WNLGLIHDFIVCGF62GIA,['B00007GQLU']
AG3RZNDU6KHJVXWUUYOZQ45TJKGA,"['B0076W9Q4Q', 'B0076W9Q5A']"
AGHCZRWPTD3375X7DZION4K5R36Q,['B00KQCOV5C']
AEHUB5D5BANJT5PLCWBI2FTJ5AEQ,['B00JHME2I8']
AHOVRAETVQ2XIGCMK2BG6YZRLTJA,['B005LDLP8W']
AGSO56MXLUU4RV4U6NFSHKXUNEDQ,"['B0076W9Q4Q', 'B0076W9Q5A']"
AEODAWB4777XKXNBCSJPYE6H7CDQ,"['B00U3TQO7G', 'B00U3TQR6O', 'B00N2S6W86']"
AHSERWT5E6UZE25IH6ZIIXGTM4BQ,['B0043WJRRS']
AFNIXP22HS2GWXRQV22EDGQEDIRA,['B006QKXURS']
AECUXK75WNLG2WQE2WHBLJYWYZ5Q,['B01DBV1OKY']
AF2EQSNXLOZAZUFNQ6PC26IKLHKA,['B00007GQLU']
AFNXXPF2KVN5HGLHL5QICB47WRYQ,['B0055CR9M0']
AHRGOCHY6BC4W2E2KJKT2DPRELKQ,['B006QKXURS']
AGGL55CAJOABDX5PAC2WQ36QYHXQ,['B00NCSQ5GK']
AHJELEGQQIEJLEFAWJTVRNYR37KQ,['B00EZ8BEXK']
AF4XSWRSCE2IRTLQCGN3F5QVBGFQ,['B01GCGKBWC']
AFYQ376SYG73Y4QRMOPPVB2SL6UQ,['B0011UB9CQ']
AEVXN6HXBIVSCTWVUY27SC7TWWGA,['B00OD71FKU']
AGJNPWUT2IKKZMWRGHWDVHSV46ZQ,['B00CSW4BGW']
AGU2MXG3XVO4MEFK5OYDF3P3TU7Q,['B00NH12O5I']
AEQ54DB2TFJSFD7CVC7OIE22RMUA,['B00W4ZLZP8']
AHJTEOT4QNWDO76GUMH4GTIED67Q,['B00UI0NGXA']
AE6PXDPXN5HN4IZWVBDYC2MTJR6A,['B00OQ0CYFE']
AFOGF2VAZFDMUUXDY4AQUUSHBAZA,['B00X28GH0Y']
AH4KEQJIKDQ256ZT6VEE4WNA27GQ,['B00MFDX4YO']
AFADTE2WCB26MEUMHHIZA73NGWRA,['B005LDLP8W']
AHFLR6LGXL265NIZWF2QPSDQYS5A,['B000PO1H80']
AFLMOOO7FVW3OQLAZG5FPTBCDJXA,['B00NNMB3KS']
AFNYP63ISSPK6U7SS2VON2CQJWFQ,['B00JCRZ6XS']
AEDIWL5X2QHUYOB37E7E4H2MDRSQ,['B00OOLKD3U']
AFHQPLRBLYHFBEKA6LHRU2VHMJTA,['B003B2YJBA']
AEF3ZT5MR65VISJNK2WDALT6OSSA,['B005DKZTNK']
AHULNH36C7E6T4LRN2HOYFX6YVDQ,['B005GTO07O']
AHXL3LBFQP3GNWJBY6DHR3XRQFQQ,"['B019954Y2Q', 'B00FZHWFEW']"
AGNMFW7V4YF6E2FJONL5PGED4OKQ,['B017OF723Q']
AHRTSYMDZ3VUVYM56RTI46U5LTTQ,['B00NH13S44']
AEKWWLNBMVN6N3OQ2VQCBBOGHKSQ,['B00NI3CSIS']
AF4OGI7WVMEOATD2I5V3OEXOQ2KA,['B00A30FELW']
AGUKF7JS5RE7KLXF27QZISRYDI2A,['B00LS5NFQ2']
AG7A5E6IMGWTP6DGPYCABEXA3QJQ,['B005JRH9V2']
AENMRP2TWRWIIQFY2IR4ETTXKDLQ,['B01C9KG8IG']
AGQQQ7XDYHFZYKQ7NLBKBZJXXIUQ,['B002CQU14A']
AGMT7WS4426AN2FUOFTQDYLH777A,['B00NH13K8S']
AGGME5YVZPEB6WRZOCAREWY2OASQ,['B009AELU06']
AGV7GUC3WOHZT7QULIR5IRQLFGDA,['B00OQ0CYFE']
AHRV3GJTK4TLHB2IFXYHFJRFKPRA,['B008X3JGSI']
AE5T4JLDPIUNIRW3UB6IL6XB5OYQ,['B0058VIWTM']
AHZCMGHYF3JDJYEW7242R5GHMBKA,['B005LDLP8W']
AFQKKRDLHZYECIWLIDVTOR4EDYZQ,"['B00937115E', 'B00C2AS5C6']"
AEK7RW7C63B4LPMAFWR7ENN2WLLQ,['B019FRDAY6']
AF4D2IMRRZD3ECQPBYB4V6H4JGEQ,['B00Y3CTEG2']
AGK56FGBUOCARX2BH4DVG5EW6KRA,['B00DQGBYDC']
AFKBPKXRM2AVD2E47SZPZWDMNDEQ,['B00HL862QK']
AGIWA4XEACTNUMIOIOPO3IQC76AQ,['B00NNQE8V0']
AEB642VPRDNG63MCIEIZOF4G4RRQ,['B0093CHZ8G']
AFPFA2QGTABVNDU7J4R5TMG5GFPA,"['B003Y302CG', 'B003Y2YE5S']"
AGLKAGV5SLPP42IOZGV4RQ2XETJA,['B00HL862QK']
AEVGUGLXFEPXUYG7TAJP42CNDUOQ,['B00X28GH0Y']
AEI24XO6JJGP6UBK6EEEITMROSKA,['B00NI3BZ5K']
AH2PF37GYKEMQWEYI2Y2XOOSUWHQ,['B00JCRZ6XS']
AFEM76HSZDLUETZI6IMRQWT5ZARQ,['B00029MTMQ']
AGX4YZOCLR5TRJNCUAJR3SOXYNTQ,['B00UFBZOKK']
AEBA7NBDL5PNP6GJ754U3P7CKAPA,['B019FRDAY6']
AGC22LIQJCWCRMEUL4XBHGCUFAPQ,['B00WGQNJK4']
AFBGMGVLEU7IKSPC5PT4XDPWYYQA,['B002LE8BJA']
AFNNGJ2JAVD7RP26SUVK4GGUPP7A,['B005LDLP8W']
AFNDLA4IKUKCGOYA2LVMOFFVOKOA,"['B00004T8R2', 'B00009RDIF']"
AEPKNN6FYW622JUBL2ZMBDRWAAJQ,['B001EHG7DM']
AED3UEJEYHPQIBIITJ77G3AZF2AQ,['B00AWRUICG']
AE6OIOKRIMLTZTMZ44WJANHQCFGA,['B01E5XNP5Y']
AHQ4DQ3JFI4FL6HF3EJXR37X6Y5Q,['B00EKQC88C']
AHGBB5PGATKVWACC4I4MTO6NXJ5Q,['B00ETT3WB2']
AH4BJ3IBEEZLCQY7FMYOYLVBA5SQ,['B004YW7WCY']
AGMUZICCHREA7XQZDNWPMYSTHQPQ,['B00UFBZOKK']
AETFSOD565TES2DUDVY4AV3D7KBQ,['B005A0B7CA']
AFPE7EWBYVQGIDKZSMOYWQD5IKUQ,['B013LDTX8M']
AHA7EDY2VDZ7TJ7RLVEJ4RCWD2RQ,['B00V5Q1N1I']
AGLU4Z7H7GJ2G53CQN3U5AL5W3HA,['B00R8KA00K']
AH5Z33HBX7BXVIFFZYDREE2IK7LA,['B00ECWKD6I']
AHXZWQ5VJ63Y62JJ6VK33TLAZJ5A,['B00MUTWLW4']
AFK332X6PCKN2JTV3THEID6BTJTQ,['B00WGQNJK4']
AELM64NPYUIPET36MGAAIMBQWY3Q,['B015HDS5TC']
AHYMAORDGJ3K7UXOM6UFFWLLUYIQ,['B00CSW4BGW']
AE4ISANYC67RAGXTC6CFFSPSXFHQ,['B0028Y4DCC']
AGR6B4IBGPA5CPDT7Q6F3LEWF3LQ,['B00VBNQJLY']
AGIEZNMWIXFGELCPQHJVKVSKJ36Q,['B004AB4Z10']
AFWSSPJBZTBKTJJVJR5JCD2HAW3A,['B00B7LQARS']
AEBMT5QREIY7W56UUK73QQM533CA,['B006DAD8HS']
AFFX4ZIOHLYEQ7HL5RIFGCXPDMHQ,['B01DBV1OKY']
AGQMZOAN5DYS5GFB6PM6VLIR3EYQ,['B000GAS3K8']
AGWT45WK4PCSVD63WVXR53M3VIKA,['B00W4ZLZP8']
AGYSBUM3RCNBZL343F4HBY4MBDVA,['B001JD8J8W']
AFVKJ2KX2QXAECT7HCJBMKNMJ37A,['B01GCGKBWC']
AHAT7NX5HVDL3PKFODAHIYBAHNKQ,['B019FRCQAK']
AFNBSY65KEFZBILJ7A57NRVMO4PA,['B001U14MO8']
AGFF5CMW7UTQZET4GA3WBF2CNGAA,['B00MCVOILM']
AHQVG26GJ6K3WTGOKYGCBGHOVA3A,['B00MYT481C']
AEBNK6QUT2KF6QNSIU2MXRCWKTDQ,['B00BZC09KS']
AEEIYV7VUBDGGR5S64TLJAD4GHWQ,"['B005LDLP8W', 'B01ALGJS32']"
AESANKBYAMAJXPKHVSIKHZAQJB7Q,['B00NI3BZ5K']
AGTQDSDS2TUZBCNA7RAFAPYEP57Q,['B008TYF0F4']
AEOOCS52KCMPVSVD6J57TM3NTZHA,['B00008Y0SI']
AFZUAD4DRBAPST7IAU4PXJXV4ANQ,['B003ELYQGG']
AFCFLFK2FVAWWH2YIBXNP255W4IQ,['B0013RTHEO']
AFQSVZB7XOWA2CJQ4CLTNMTQQW4A,['B01DBV1OKY']
AFWFAHDGY6FWTE5OK6D7T7OGYL4A,['B00B2HP9T2']
AHW5EFMRN57JHWU2G2AV6PSGY25Q,['B004FHO5Y6']
AHS5ZZVXBPLIU6WFLFRT6LIPLFVA,['B00KQCOV5C']
AFTSIZ5ZKDJPYGH3F5CI5OZOXHEQ,['B01EWOE0UU']
AHBEGFO3VSF7ARGRWHHMSOSUHMRQ,['B01GGKYXVE']
AG4IU65GZVLFQ42FKDHZP6A4NSRQ,['B00C3XW5L4']
AEISHPNO5AX2IXEDOQLN4H6G7MAA,['B006QKXURS']
AHWEE32YE4PLE4DWIVBK6GCEU6OQ,['B00MCVOILM']
AGG6MW3FTWNCZ5HI362QZW3VG7DA,['B006SRUNXS']
AGWBP5UXGUUXH4YK24OAFTZPFVGA,['B00Y44AAQW']
AG2LTEGKC6EHL5T4H4BN4BZCN6XA,['B01ENJ1PHK']
AFFTYHYXBW6SVFDU4SAYHSRTKLGA,['B00VFHBGY6']
AEUQ7SPZFDYZVNCPG5OYMFCHXDYA,['B0076W9Q4Q']
AHOIBCK66UKGOFH7UNNDKA6ENFLQ,['B004FHO5Y6']
AF2J6NKFP67CLUWVYBNABE5H674A,['B00ECWKD6I']
AGCLFNWUQSNKJMLBHLRSPPKVI4WA,['B00KF7MVI2']
AG4NONDF2NTL7BTP4Y6FC3ELLAHQ,['B00904WS2K']
AFOLPQSATXJAWFWTR375V77WDJVQ,['B019FPK7LM']
AGDT2CVEEVRGRCW4R3F3WXUTLCHQ,['B00LM0U8I6']
AHTIJIY7QSJP4JEKNJV6TRRSVIOQ,['B006U0Z0O0']
AE2NYO773EAQ6DUCZKFCY3R23B7A,['B0006B486K']
AE5M3HVT3FBWASTN7MCAQKYCHJKA,"['B00009KH63', 'B00L7UZMAK']"
AGMRWMZUXP2AWSDBG5MGTKJMLLAQ,['B00PK2LJ4E']
AHJ5K6CBHCIV2QBDJQO7346SOYKQ,['B00L4YR0BS']
AFDZAOZUPITZBI36P6UZOLFPZDAA,['B00KV9TQXM']
AGOEKNMY3D4S73WVTXFOH7BF6MMQ,['B00KQCOV5C']
AHDLMXL2S5R3EDIMHFM3XIOQHB6A,['B00BTYOKXO']
AE66JHDHE3V54AB4KCTLMAITXZZQ,['B005EJH6RW']
AGSP2VUG6JDXRAGVVO2HSQ6UIODQ,['B00K3K8TKA']
AFL3K3WAQNDLP7XYHVIJ3GRPFA2A,['B00LAX52IQ']
AEURGXBW6R5ADV33OEJOT7EEZZSA,['B00DQGBYDC']
AG5P2SXK4KGYWBO2GVZD6EUFTPSA,['B00JCRZ6XS']
AHFWYC2QKTTDWD563XZLSEM34P7A,['B00IXNQ6XQ']
AH73B767OWJGVAKXLP4NMDQGPUZA,['B00FSB79FU']
AEBJZVJBSS3ULN6SZ54KX5IPAHCA,['B00B2HOKCY']
AHVNEKOQS6YAJTIOXXMDQRJVIHOQ,['B007GMPZ0A']
AH32HOSM45DASFGOP57ETUDP3DJA,['B00T0DW3F8']
AFIJLXIP33XJ72VYQY46FO67DJ3Q,['B007Y4NWQE']
AEC34RDOLKSYO4L4OWTZYN7VO4QQ,['B00001P4ZH']
AFHXJP7R2H2S3KQVZMERSGAUG3CA,['B000068O18']
AEPJW3XN6TCCVMAMB6OEOIH52P7A,['B00FE690DI']
AGX2ABVTSY6MQD4GUKZF555MKZAA,['B01D5H8JW0']
AHCPRXIB43DQTSTZ7HFGBPQFCOHQ,['B00G049NO4']
AEU4KLMVETEDBOX5DUH6JGW3WJCQ,['B00HL862QK']
AH3RR62XARL2YCISNK7HRLWVGEOQ,['B00HL862QK']
AGUWK2FFZGJXIER7RE4MAGBGQC3Q,['B00NNMB3KS']
AE3NVVGX44ITCANKEIZELELBAH2Q,['B00MUTWLW4']
AHNUZG7VEEDAZ2BDI7M2Y5HKAX2A,['B00VB3Y89E']
AFHMYWIUWSNKIZ3XTBNJJ3YBMMKA,['B00881CT1Q']
AFRQQHOSGWOPMABVU3L53S4PDERA,['B006QKXURS']
AFC2SRXZ5URP5KXGIJAPI7MDITNA,['B013U542QE']
AGBNHQMQX66RWH6LPNOO3XTEADOA,['B00AKGH9KI']
AGXPOV27ZTCAKDRYA6RXAFXOWHAQ,['B00CMKOVMO']
AF34OYCCF5SWAZNEFTUX7Q2ACQQQ,['B00OQ0CYFE']
AHMSWJ4ICQII73E55VCHR7KIXIOA,['B0006NL5SM']
AH2UCF4LOWVWSURT47ALQOQXGXVA,['B00X8MRBCW']
AHFRVG56QJW7FFJU5HYEC4WLVF5A,['B006QKXURS']
AGIRJPPZJGCO45BN4FOOJECVQMNQ,['B00AQUO5RI']
AGS4CDECBEG2QCPRF4XOL7FAM6YQ,['B00NH13K8S']
AHSQRKXUMR2T7EN4MN3MIOBZCBUQ,['B018SX50ZK']
AEQOCR4FPHDFJGAJDR6Y5UB36OSA,['B0014E02AO']
AHQRIDUN6H4KKLQHDCQU5P3ZURZA,['B00R8POXP8']
AHU2P7HALKONE3E2SHKRJZWTZLHA,['B00EB4ADQW']
AFDQWNI57ISAA2DUNB4UVIVU47RQ,['B004MPR3XG']
AHOY3ZFZ54N5HKYHJBN3G5AEXV6A,['B00WGQNJK4']
AG7JF7KADWO4OMJTHECX3H4J626A,['B00KQCOV5C']
AFACICYBHAZPKA2WSMWMP3ZBE6SA,['B00MYT481C']
AFRXQOYHR3DGZM5WZANYGNLAIEYA,['B01C9KG8IG']
AEYBO4KZE64KOLLPYQEFEHQD2ETQ,['B01GGKYXVE']
AF25NNKFB2QT76SP76HRS557QFCA,['B019FRDAY6']
AGMYJEUCARLJ5YPBIPUAIMJUZDSA,['B00WHUTQZ6']
AFGASYQ3I2S27FLSXMTKS7JOXYDQ,['B00P0GI68M']
AF4DQHU75S75TV5LI57VTTUDX47A,['B01D5H8JW0']
AFGKM2XI3CNSRXZT7DUT4XH3DKCQ,['B00ODDEABK']
AGTXA3J35OZE5CXRMATYAAPVO5OQ,['B01DBV1OKY']
AGHIOLBPQ7BJ7ROE3QWMJMC6OB3A,['B00001P505']
AFGC43CXRCUDWQMPK67UGMTAWT4A,['B00001P4ZH']
AGR7XSUZ24NFEQPPCB4ICUTNSFIQ,['B019FRCQAK']
AFJWJMBZWBHWAMCV6PGVYW7BPR3A,['B008021NSI']
AH5QBFM22TH7CWLMOY3I77FW2VDA,['B00NNMB3KS']
AHRHCJXC334USTXI6HQMWPG6G7YQ,['B00C2NOIN8']
AHR5TM5P2HVO7ISXSBRD4IC3NPHQ,['B00W4ZLZP8']
AEA34GAVNMCYKTG4RAZM6AG2H5TQ,['B00C2NOIN8']
AH77Z2IFGLBCZQOX4TA4VL3GWKFA,['B004X6ABTM']
AF6OJZPV4OVY5BF5BK2ZUVS4CMBA,['B00HL862QK']
AEKRWLRGOBBEUBAPGUVK6FXVMZVA,['B00P0GI68M']
AHWQ6NDHW4VPJBLTAKV3WHRTLFOQ,['B006MI1UQM']
AGC74BGTQ2PWRJUZSQC4KL4243SA,['B01CZTLHGE']
AHPUORLX6VXTAWVA23CNVIGDKB6A,['B01D5H8JW0']
AEUHMS4ZJM4DM4A4L5HDCPZV6F7A,['B00QV4IPVA']
AFNBLKN6ET2SJI44P4HVBYNV4DWA,['B004WO8HQ4']
AEC6MY7KTP5WHIVUSASIT6AAT5NQ,['B00PUZRKXK']
AFLBW6Q5JLJUZ4FNDNAYJWRPDBEQ,['B00E4RWFF8']
AGWCO5VEPPXP7XEXWGEDHZLBAFUA,['B007SHJIO2']
AGZN7EDDOWV45ZUD5UMJZ2NACBGA,['B00C9FLSLY']
AGNQIOUH7PWBIFZVCENZOI7746YQ,['B00JRUC7LO']
AGMZYM7L5AK3W46GV6Z7HU4F6JUA,['B00MUTWLW4']
AFGTRNB5GAIVSIVNXWCUNKSBM7YA,['B00X8MRBCW']
AHENMFSPEGDCWSDMBMM4LSVUZ3DQ,['B019FRDAY6']
AHG35E55V4GSIOSOEV7P265POPPA,['B00IQCRP7U']
AGYQXRZXWPZVRMRTKZ24ABKVLR2Q,['B00PBOHAR6']
AFF7NJQ32VPB6GLVXF35T4U3Q6YA,['B000L4CHJ2']
AEJQYMEOMYKSI6TPCYEZGKZX5QXQ,['B00EB4ADQW']
AGUBNSZMS5NIRISA7OP6AHPRQVEA,['B00UFBZOKK']
AE2QWGIX2LYDJKYVJLF53PDCKHFQ,['B01DM7AEF8']
AFCUMHKEJPYD6PNETV3CL7ZZEK4A,['B00B21TLQU']
AFDHNCQYLRWE67GGHW5NCYNATSZA,['B00D2LGRPG']
AFN2TCMZQWG3YH2U3E2LIRMYKDIA,['B00NH134L6']
AFK6NBXRTYP3YWLTICACVYS7XIHA,['B00CNYV942']
AFYQ5SMCNOOBUEU5KI6CXNPXAGVA,['B00I4I92C2']
AGVK42CJ5G2PRMIL36PJBKXAYG6Q,['B00BIFNTMC']
AG33YSSQTAISGTNABQQYFYQJL3NQ,['B004FHO5Y6']
AHKSRIYV2F3QQYYVM57BHKJXNIGA,['B00TFAGFZ0']
AESS5WMQXHAP76YQWPYHPEIYSTIA,['B00BP8UHF4']
AH3GPWQTUTUN2C5HMUX7GE7JWFUA,['B000OOYECC']
AHUE3T25FTIFQWOZJRG2K652PCGA,['B00CSW4BGW']
AHRC73DRAKLL7PNOVH57IHTTTYEA,['B00RCQKFKA']
AE6IY3DXLIC46ZV6SQKBMDPWYBBA,['B000UE8JWM']
AHOXBFJC367ATAT26JPXSPO3BWJA,['B00UVN20YA']
AFB25ZKJMFMCMG4ESVOMIGAMLK4A,['B004N8ZQKY']
AEHWEAMQ7HW5OTYDAYJ5MXMN7BBQ,['B00L3QENSA']
AFKSF67BGWUOYR5TM3HYIS65WOBQ,['B00144CABS']
AH7CSYJGOZH3TEF77MTQXBA66RFA,['B00WHUTQZ6']
AFNKF35QPC6MNF7AB27VFTRMU5UQ,['B00HZWYPZC']
AFGAPH2AUQ3QHUTDFMKIVBZEMZ2A,['B00KQCOV5C']
AG6MOZ6KQEGRKSYLKSAGQFLR4EMA,['B0147FL4BW']
AHHS36DF67XNNYSOTAPYLHABQTAA,['B00YBZDOGC']
AHN6ZLXT3ZLKNM5KMBBXZT6QRJQA,['B00JQTU434']
